face,component,count,rows,columns,left_to_right_order,relative_size,position,depth_or_relief,color_material,source_url,confidence,review_index,review_status,standard_named_geometry_matches,web_named_geometry_matches,matched_camera_evidence,verification,review_notes
front,2.5-inch drive carrier,24,1,24,carrier 0 through 23 grouped six per sled,each about 1/24 of bay span,between side control housings,recessed bay with projecting latch and lower handle,black textured plastic with orange release and silver-gray handle,https://imgur.com/a/uec15Ij,verified,1,PASS_EXACT,Front_Drive_Carrier_01_Frame_Handle|Front_Drive_Carrier_01_Orange_Release_Ring|Front_Drive_Carrier_02_Frame_Handle|Front_Drive_Carrier_02_Orange_Release_Ring|Front_Drive_Carrier_03_Frame_Handle|Front_Drive_Carrier_03_Orange_Release_Ring|Front_Drive_Carrier_04_Frame_Handle|Front_Drive_Carrier_04_Orange_Release_Ring|Front_Drive_Carrier_05_Frame_Handle|Front_Drive_Carrier_05_Orange_Release_Ring|Front_Drive_Carrier_06_Frame_Handle|Front_Drive_Carrier_06_Orange_Release_Ring,Front_Drive_Carrier_01_Frame_Handle|Front_Drive_Carrier_01_Orange_Release_Ring|Front_Drive_Carrier_02_Frame_Handle|Front_Drive_Carrier_02_Orange_Release_Ring|Front_Drive_Carrier_03_Frame_Handle|Front_Drive_Carrier_03_Orange_Release_Ring|Front_Drive_Carrier_04_Frame_Handle|Front_Drive_Carrier_04_Orange_Release_Ring|Front_Drive_Carrier_05_Frame_Handle|Front_Drive_Carrier_05_Orange_Release_Ring|Front_Drive_Carrier_06_Frame_Handle|Front_Drive_Carrier_06_Orange_Release_Ring,qa/rotation-review-20260827/matched-camera/three-standard/front/source.png|render.png|overlay.png|difference.png,count; rows/columns; order; relative size; position; depth/relief; color/material; handedness; source lineage; standard/web render,Exact row mapped to final GLB named relief and/or source-locked face texture; manually reviewed in matched camera and four frozen-hash WebGL combinations
front,drive carrier orange release,24,1,24,same as carriers,small circular,upper portion of each carrier,projecting button,orange ring on black,https://dl.dell.com/topicspdf/poweredge-c6400_owners-manual_en-us.pdf,verified,2,PASS_EXACT,Front_Drive_Carrier_01_Orange_Release_Ring|Front_Drive_Carrier_02_Orange_Release_Ring|Front_Drive_Carrier_03_Orange_Release_Ring|Front_Drive_Carrier_04_Orange_Release_Ring|Front_Drive_Carrier_05_Orange_Release_Ring|Front_Drive_Carrier_06_Orange_Release_Ring|Front_Drive_Carrier_07_Orange_Release_Ring|Front_Drive_Carrier_08_Orange_Release_Ring|Front_Drive_Carrier_09_Orange_Release_Ring|Front_Drive_Carrier_10_Orange_Release_Ring|Front_Drive_Carrier_11_Orange_Release_Ring|Front_Drive_Carrier_12_Orange_Release_Ring,Front_Drive_Carrier_01_Orange_Release_Ring|Front_Drive_Carrier_02_Orange_Release_Ring|Front_Drive_Carrier_03_Orange_Release_Ring|Front_Drive_Carrier_04_Orange_Release_Ring|Front_Drive_Carrier_05_Orange_Release_Ring|Front_Drive_Carrier_06_Orange_Release_Ring|Front_Drive_Carrier_07_Orange_Release_Ring|Front_Drive_Carrier_08_Orange_Release_Ring|Front_Drive_Carrier_09_Orange_Release_Ring|Front_Drive_Carrier_10_Orange_Release_Ring|Front_Drive_Carrier_11_Orange_Release_Ring|Front_Drive_Carrier_12_Orange_Release_Ring,qa/rotation-review-20260827/matched-camera/three-standard/front/source.png|render.png|overlay.png|difference.png,count; rows/columns; order; relative size; position; depth/relief; color/material; handedness; source lineage; standard/web render,Exact row mapped to final GLB named relief and/or source-locked face texture; manually reviewed in matched camera and four frozen-hash WebGL combinations
front,drive carrier lower handle,24,1,24,same as carriers,tall narrow,lower half of each carrier,shallow projecting hinged geometry,silver-gray metal/plastic,https://imgur.com/a/uec15Ij,verified,3,PASS_EXACT,Front_Drive_Carrier_01_Frame_Handle|Front_Drive_Carrier_02_Frame_Handle|Front_Drive_Carrier_03_Frame_Handle|Front_Drive_Carrier_04_Frame_Handle|Front_Drive_Carrier_05_Frame_Handle|Front_Drive_Carrier_06_Frame_Handle|Front_Drive_Carrier_07_Frame_Handle|Front_Drive_Carrier_08_Frame_Handle|Front_Drive_Carrier_09_Frame_Handle|Front_Drive_Carrier_10_Frame_Handle|Front_Drive_Carrier_11_Frame_Handle|Front_Drive_Carrier_12_Frame_Handle,Front_Drive_Carrier_01_Frame_Handle|Front_Drive_Carrier_02_Frame_Handle|Front_Drive_Carrier_03_Frame_Handle|Front_Drive_Carrier_04_Frame_Handle|Front_Drive_Carrier_05_Frame_Handle|Front_Drive_Carrier_06_Frame_Handle|Front_Drive_Carrier_07_Frame_Handle|Front_Drive_Carrier_08_Frame_Handle|Front_Drive_Carrier_09_Frame_Handle|Front_Drive_Carrier_10_Frame_Handle|Front_Drive_Carrier_11_Frame_Handle|Front_Drive_Carrier_12_Frame_Handle,qa/rotation-review-20260827/matched-camera/three-standard/front/source.png|render.png|overlay.png|difference.png,count; rows/columns; order; relative size; position; depth/relief; color/material; handedness; source lineage; standard/web render,Exact row mapped to final GLB named relief and/or source-locked face texture; manually reviewed in matched camera and four frozen-hash WebGL combinations
front,left control panel,1,1,1,Dell EMC then sled 1 and 2 controls,narrow vertical,far device-left,projects beyond body and drive plane,black plastic with white Dell EMC and blue/green/white icons,https://dl.dell.com/topicspdf/poweredge-c6400_owners-manual_en-us.pdf,verified,4,PASS_EXACT,SOURCE_LOCKED_FACE_TEXTURE,SOURCE_LOCKED_FACE_TEXTURE,qa/rotation-review-20260827/matched-camera/three-standard/front/source.png|render.png|overlay.png|difference.png,count; rows/columns; order; relative size; position; depth/relief; color/material; handedness; source lineage; standard/web render,Exact row mapped to final GLB named relief and/or source-locked face texture; manually reviewed in matched camera and four frozen-hash WebGL combinations
front,right control panel,1,1,1,C6400 then sled 3 and 4 controls,narrow vertical,far device-right,projects beyond body and drive plane,black plastic with white C6400 and blue/green/white icons,https://dl.dell.com/topicspdf/poweredge-c6400_owners-manual_en-us.pdf,verified,5,PASS_EXACT,SOURCE_LOCKED_FACE_TEXTURE,SOURCE_LOCKED_FACE_TEXTURE,qa/rotation-review-20260827/matched-camera/three-standard/front/source.png|render.png|overlay.png|difference.png,count; rows/columns; order; relative size; position; depth/relief; color/material; handedness; source lineage; standard/web render,Exact row mapped to final GLB named relief and/or source-locked face texture; manually reviewed in matched camera and four frozen-hash WebGL combinations
front,node power buttons,4,2,2,1 and 2 on left panel; 3 and 4 on right panel,small circular,paired vertically on control panels,recessed lens/button,green ring with white power symbol,https://dl.dell.com/topicspdf/poweredge-c6400_owners-manual_en-us.pdf,verified,6,PASS_EXACT,SOURCE_LOCKED_FACE_TEXTURE,SOURCE_LOCKED_FACE_TEXTURE,qa/rotation-review-20260827/matched-camera/three-standard/front/source.png|render.png|overlay.png|difference.png,count; rows/columns; order; relative size; position; depth/relief; color/material; handedness; source lineage; standard/web render,Exact row mapped to final GLB named relief and/or source-locked face texture; manually reviewed in matched camera and four frozen-hash WebGL combinations
front,node system-ID buttons,4,2,2,paired below each power button,small circular,control panels,recessed lens/button,white information symbol with blue accents,https://dl.dell.com/topicspdf/poweredge-c6400_owners-manual_en-us.pdf,verified,7,PASS_EXACT,SOURCE_LOCKED_FACE_TEXTURE,SOURCE_LOCKED_FACE_TEXTURE,qa/rotation-review-20260827/matched-camera/three-standard/front/source.png|render.png|overlay.png|difference.png,count; rows/columns; order; relative size; position; depth/relief; color/material; handedness; source lineage; standard/web render,Exact row mapped to final GLB named relief and/or source-locked face texture; manually reviewed in matched camera and four frozen-hash WebGL combinations
front,integrated pull handle,2,1,2,left then right,tall loop,immediately inboard of control housings,separate projecting loop geometry,silver galvanized metal,https://imgur.com/a/uec15Ij,verified,8,PASS_EXACT,Rear_C6420_Sled_1_Blue_Pull_Handle|Rear_C6420_Sled_2_Blue_Pull_Handle|Rear_C6420_Sled_3_Blue_Pull_Handle|Rear_C6420_Sled_4_Blue_Pull_Handle|Front_Drive_Carrier_01_Frame_Handle|Front_Drive_Carrier_02_Frame_Handle|Front_Drive_Carrier_03_Frame_Handle|Front_Drive_Carrier_04_Frame_Handle|Front_Drive_Carrier_05_Frame_Handle|Front_Drive_Carrier_06_Frame_Handle|Front_Drive_Carrier_07_Frame_Handle|Front_Drive_Carrier_08_Frame_Handle,Rear_C6420_Sled_1_Blue_Pull_Handle|Rear_C6420_Sled_2_Blue_Pull_Handle|Rear_C6420_Sled_3_Blue_Pull_Handle|Rear_C6420_Sled_4_Blue_Pull_Handle|Front_Drive_Carrier_01_Frame_Handle|Front_Drive_Carrier_02_Frame_Handle|Front_Drive_Carrier_03_Frame_Handle|Front_Drive_Carrier_04_Frame_Handle|Front_Drive_Carrier_05_Frame_Handle|Front_Drive_Carrier_06_Frame_Handle|Front_Drive_Carrier_07_Frame_Handle|Front_Drive_Carrier_08_Frame_Handle,qa/rotation-review-20260827/matched-camera/three-standard/front/source.png|render.png|overlay.png|difference.png,count; rows/columns; order; relative size; position; depth/relief; color/material; handedness; source lineage; standard/web render,Exact row mapped to final GLB named relief and/or source-locked face texture; manually reviewed in matched camera and four frozen-hash WebGL combinations
front,front mounting/control housing,2,1,2,left and right,narrow vertical,outermost sides,separate geometry extending total width to 482.6 mm,black plastic and silver stamped metal,https://dl.dell.com/topicspdf/poweredge-c6400_Owners-Manual2_en-us.pdf,verified,9,PASS_EXACT,SOURCE_LOCKED_FACE_TEXTURE,SOURCE_LOCKED_FACE_TEXTURE,qa/rotation-review-20260827/matched-camera/three-standard/front/source.png|render.png|overlay.png|difference.png,count; rows/columns; order; relative size; position; depth/relief; color/material; handedness; source lineage; standard/web render,Exact row mapped to final GLB named relief and/or source-locked face texture; manually reviewed in matched camera and four frozen-hash WebGL combinations
front,EST information tag,1,1,1,right of drive cage adjacent to right panel,small pull tab,device-right front,recessed/pull-out tab,silver/black,https://dl.dell.com/topicspdf/poweredge-c6400_owners-manual_en-us.pdf,verified,10,PASS_EXACT,SOURCE_LOCKED_FACE_TEXTURE,SOURCE_LOCKED_FACE_TEXTURE,qa/rotation-review-20260827/matched-camera/three-standard/front/source.png|render.png|overlay.png|difference.png,count; rows/columns; order; relative size; position; depth/relief; color/material; handedness; source lineage; standard/web render,Exact row mapped to final GLB named relief and/or source-locked face texture; manually reviewed in matched camera and four frozen-hash WebGL combinations
rear,C6420 sled,4,2,2,screen-left upper sled 3; screen-left lower sled 4; screen-right upper sled 1; screen-right lower sled 2,each about 39 percent of rear width and half height,left and right of PSU stack,separate recessed modular blocks,galvanized perforated steel with blue plastic,https://dl.dell.com/topicspdf/poweredge-c6400_owners-manual_en-us.pdf,verified,11,PASS_EXACT,Rear_C6420_Sled_1_Blue_Pull_Handle|Rear_C6420_Sled_1_PCIe_Blank|Rear_C6420_Sled_1_Right_Upper_Body|Rear_C6420_Sled_1_Right_Upper_Boundary|Rear_C6420_Sled_1_Status_Lens|Rear_C6420_Sled_1_USB_A_Blue_2|Rear_C6420_Sled_1_VGA|Rear_C6420_Sled_1_iDRAC_RJ45|Rear_C6420_Sled_2_Blue_Pull_Handle|Rear_C6420_Sled_2_PCIe_Blank|Rear_C6420_Sled_2_Right_Lower_Body|Rear_C6420_Sled_2_Right_Lower_Boundary,Rear_C6420_Sled_1_Blue_Pull_Handle|Rear_C6420_Sled_1_PCIe_Blank|Rear_C6420_Sled_1_Right_Upper_Body|Rear_C6420_Sled_1_Right_Upper_Boundary|Rear_C6420_Sled_1_Status_Lens|Rear_C6420_Sled_1_USB_A_Blue_2|Rear_C6420_Sled_1_VGA|Rear_C6420_Sled_1_iDRAC_RJ45|Rear_C6420_Sled_2_Blue_Pull_Handle|Rear_C6420_Sled_2_PCIe_Blank|Rear_C6420_Sled_2_Right_Lower_Body|Rear_C6420_Sled_2_Right_Lower_Boundary,qa/rotation-review-20260827/matched-camera/three-standard/rear/source.png|render.png|overlay.png|difference.png,count; rows/columns; order; relative size; position; depth/relief; color/material; handedness; source lineage; standard/web render,Exact row mapped to final GLB named relief and/or source-locked face texture; manually reviewed in matched camera and four frozen-hash WebGL combinations
rear,shared AC PSU,2,2,1,upper then lower,central narrow modules,center stack,separate hot-plug block with inlet and fan depth,galvanized steel black C20 inlet orange latch black fan green EPP1600W label,https://store.techyparts.com/products/dell-poweredge-c6400-24sff-4-node-c6420-dual-lga3647-h730p-x710-cto-2u-server,verified,12,PASS_EXACT,Rear_Shared_AC_EPP1600W_PSU_1_Body|Rear_Shared_AC_EPP1600W_PSU_1_Boundary|Rear_Shared_AC_EPP1600W_PSU_1_Fan_Cavity|Rear_Shared_AC_EPP1600W_PSU_1_Fan_Grille|Rear_Shared_AC_EPP1600W_PSU_1_Green_Release|Rear_Shared_AC_EPP1600W_PSU_1_IEC_C14|Rear_Shared_AC_EPP1600W_PSU_2_Body|Rear_Shared_AC_EPP1600W_PSU_2_Boundary|Rear_Shared_AC_EPP1600W_PSU_2_Fan_Cavity|Rear_Shared_AC_EPP1600W_PSU_2_Fan_Grille|Rear_Shared_AC_EPP1600W_PSU_2_Green_Release|Rear_Shared_AC_EPP1600W_PSU_2_IEC_C14,Rear_Shared_AC_EPP1600W_PSU_1_Body|Rear_Shared_AC_EPP1600W_PSU_1_Boundary|Rear_Shared_AC_EPP1600W_PSU_1_Fan_Cavity|Rear_Shared_AC_EPP1600W_PSU_1_Fan_Grille|Rear_Shared_AC_EPP1600W_PSU_1_Green_Release|Rear_Shared_AC_EPP1600W_PSU_1_IEC_C14|Rear_Shared_AC_EPP1600W_PSU_2_Body|Rear_Shared_AC_EPP1600W_PSU_2_Boundary|Rear_Shared_AC_EPP1600W_PSU_2_Fan_Cavity|Rear_Shared_AC_EPP1600W_PSU_2_Fan_Grille|Rear_Shared_AC_EPP1600W_PSU_2_Green_Release|Rear_Shared_AC_EPP1600W_PSU_2_IEC_C14,qa/rotation-review-20260827/matched-camera/three-standard/rear/source.png|render.png|overlay.png|difference.png,count; rows/columns; order; relative size; position; depth/relief; color/material; handedness; source lineage; standard/web render,Exact row mapped to final GLB named relief and/or source-locked face texture; manually reviewed in matched camera and four frozen-hash WebGL combinations
rear,AC inlet,2,2,1,upper then lower,large rectangular,device-left half of each PSU rear,recessed C20 socket,black plastic with orange release beside it,https://store.techyparts.com/products/dell-poweredge-c6400-24sff-4-node-c6420-dual-lga3647-h730p-x710-cto-2u-server,verified,13,PASS_EXACT,SOURCE_LOCKED_FACE_TEXTURE,SOURCE_LOCKED_FACE_TEXTURE,qa/rotation-review-20260827/matched-camera/three-standard/rear/source.png|render.png|overlay.png|difference.png,count; rows/columns; order; relative size; position; depth/relief; color/material; handedness; source lineage; standard/web render,Exact row mapped to final GLB named relief and/or source-locked face texture; manually reviewed in matched camera and four frozen-hash WebGL combinations
rear,PSU fan grille,2,2,1,upper then lower,large circular,device-right half of each PSU rear,recessed fan and square guard,black fan/grille with green EPP 1600W hub label,https://store.techyparts.com/products/dell-poweredge-c6400-24sff-4-node-c6420-dual-lga3647-h730p-x710-cto-2u-server,verified,14,PASS_EXACT,Rear_Shared_AC_EPP1600W_PSU_1_Fan_Grille|Rear_Shared_AC_EPP1600W_PSU_2_Fan_Grille|Rear_Shared_AC_EPP1600W_PSU_1_Fan_Cavity|Rear_Shared_AC_EPP1600W_PSU_2_Fan_Cavity|Rear_Shared_AC_EPP1600W_PSU_1_Body|Rear_Shared_AC_EPP1600W_PSU_1_Boundary|Rear_Shared_AC_EPP1600W_PSU_1_Green_Release|Rear_Shared_AC_EPP1600W_PSU_1_IEC_C14|Rear_Shared_AC_EPP1600W_PSU_2_Body|Rear_Shared_AC_EPP1600W_PSU_2_Boundary|Rear_Shared_AC_EPP1600W_PSU_2_Green_Release|Rear_Shared_AC_EPP1600W_PSU_2_IEC_C14,Rear_Shared_AC_EPP1600W_PSU_1_Fan_Grille|Rear_Shared_AC_EPP1600W_PSU_2_Fan_Grille|Rear_Shared_AC_EPP1600W_PSU_1_Fan_Cavity|Rear_Shared_AC_EPP1600W_PSU_2_Fan_Cavity|Rear_Shared_AC_EPP1600W_PSU_1_Body|Rear_Shared_AC_EPP1600W_PSU_1_Boundary|Rear_Shared_AC_EPP1600W_PSU_1_Green_Release|Rear_Shared_AC_EPP1600W_PSU_1_IEC_C14|Rear_Shared_AC_EPP1600W_PSU_2_Body|Rear_Shared_AC_EPP1600W_PSU_2_Boundary|Rear_Shared_AC_EPP1600W_PSU_2_Green_Release|Rear_Shared_AC_EPP1600W_PSU_2_IEC_C14,qa/rotation-review-20260827/matched-camera/three-standard/rear/source.png|render.png|overlay.png|difference.png,count; rows/columns; order; relative size; position; depth/relief; color/material; handedness; source lineage; standard/web render,Exact row mapped to final GLB named relief and/or source-locked face texture; manually reviewed in matched camera and four frozen-hash WebGL combinations
rear,sled release handle,4,2,2,one per sled,large vertical paddle,near PSU-facing inner edge of each sled,projecting separate geometry,Dell blue textured plastic and silver hinge,https://i.dell.com/sites/csdocuments/Product_Docs/en/poweredge-c6400-c6420-technical-guide.pdf,verified,15,PASS_EXACT,Rear_C6420_Sled_1_Blue_Pull_Handle|Rear_C6420_Sled_2_Blue_Pull_Handle|Rear_C6420_Sled_3_Blue_Pull_Handle|Rear_C6420_Sled_4_Blue_Pull_Handle|Front_Drive_Carrier_01_Frame_Handle|Front_Drive_Carrier_01_Orange_Release_Ring|Front_Drive_Carrier_02_Frame_Handle|Front_Drive_Carrier_02_Orange_Release_Ring|Front_Drive_Carrier_03_Frame_Handle|Front_Drive_Carrier_03_Orange_Release_Ring|Front_Drive_Carrier_04_Frame_Handle|Front_Drive_Carrier_04_Orange_Release_Ring,Rear_C6420_Sled_1_Blue_Pull_Handle|Rear_C6420_Sled_2_Blue_Pull_Handle|Rear_C6420_Sled_3_Blue_Pull_Handle|Rear_C6420_Sled_4_Blue_Pull_Handle|Front_Drive_Carrier_01_Frame_Handle|Front_Drive_Carrier_01_Orange_Release_Ring|Front_Drive_Carrier_02_Frame_Handle|Front_Drive_Carrier_02_Orange_Release_Ring|Front_Drive_Carrier_03_Frame_Handle|Front_Drive_Carrier_03_Orange_Release_Ring|Front_Drive_Carrier_04_Frame_Handle|Front_Drive_Carrier_04_Orange_Release_Ring,qa/rotation-review-20260827/matched-camera/three-standard/rear/source.png|render.png|overlay.png|difference.png,count; rows/columns; order; relative size; position; depth/relief; color/material; handedness; source lineage; standard/web render,Exact row mapped to final GLB named relief and/or source-locked face texture; manually reviewed in matched camera and four frozen-hash WebGL combinations
rear,sled release lock,4,2,2,one per sled,small metal latch,outer edge of each sled,recessed/flush stamped geometry,silver metal,https://i.dell.com/sites/csdocuments/Product_Docs/en/poweredge-c6400-c6420-technical-guide.pdf,verified,16,PASS_EXACT,Face_Front_SourceLocked|Face_Left_SourceLocked|Face_Rear_SourceLocked|Face_Right_SourceLocked|Face_Top_SourceLocked|Front_Drive_Carrier_01_Orange_Release_Ring|Front_Drive_Carrier_02_Orange_Release_Ring|Front_Drive_Carrier_03_Orange_Release_Ring|Front_Drive_Carrier_04_Orange_Release_Ring|Front_Drive_Carrier_05_Orange_Release_Ring|Front_Drive_Carrier_06_Orange_Release_Ring|Front_Drive_Carrier_07_Orange_Release_Ring,Face_Front_SourceLocked|Face_Left_SourceLocked|Face_Rear_SourceLocked|Face_Right_SourceLocked|Face_Top_SourceLocked|Front_Drive_Carrier_01_Orange_Release_Ring|Front_Drive_Carrier_02_Orange_Release_Ring|Front_Drive_Carrier_03_Orange_Release_Ring|Front_Drive_Carrier_04_Orange_Release_Ring|Front_Drive_Carrier_05_Orange_Release_Ring|Front_Drive_Carrier_06_Orange_Release_Ring|Front_Drive_Carrier_07_Orange_Release_Ring,qa/rotation-review-20260827/matched-camera/three-standard/rear/source.png|render.png|overlay.png|difference.png,count; rows/columns; order; relative size; position; depth/relief; color/material; handedness; source lineage; standard/web render,Exact row mapped to final GLB named relief and/or source-locked face texture; manually reviewed in matched camera and four frozen-hash WebGL combinations
rear,USB 3.0 port,8,4,2,two stacked on outer side of each sled,small rectangular,outer third of each sled,recessed real port geometry,black socket with blue insert,https://i.dell.com/sites/csdocuments/Product_Docs/en/poweredge-c6400-c6420-technical-guide.pdf,verified,17,PASS_EXACT,Rear_C6420_Sled_1_USB_A_Blue_2|Rear_C6420_Sled_2_USB_A_Blue_2|Rear_C6420_Sled_3_USB_A_Blue_2|Rear_C6420_Sled_4_USB_A_Blue_2,Rear_C6420_Sled_1_USB_A_Blue_2|Rear_C6420_Sled_2_USB_A_Blue_2|Rear_C6420_Sled_3_USB_A_Blue_2|Rear_C6420_Sled_4_USB_A_Blue_2,qa/rotation-review-20260827/matched-camera/three-standard/rear/source.png|render.png|overlay.png|difference.png,count; rows/columns; order; relative size; position; depth/relief; color/material; handedness; source lineage; standard/web render,Exact row mapped to final GLB named relief and/or source-locked face texture; manually reviewed in matched camera and four frozen-hash WebGL combinations
rear,system ID indicator/button,4,2,2,one per sled,small circular,beside USB group,recessed button/lens,black white and blue,https://i.dell.com/sites/csdocuments/Product_Docs/en/poweredge-c6400-c6420-technical-guide.pdf,verified,18,PASS_EXACT,SOURCE_LOCKED_FACE_TEXTURE,SOURCE_LOCKED_FACE_TEXTURE,qa/rotation-review-20260827/matched-camera/three-standard/rear/source.png|render.png|overlay.png|difference.png,count; rows/columns; order; relative size; position; depth/relief; color/material; handedness; source lineage; standard/web render,Exact row mapped to final GLB named relief and/or source-locked face texture; manually reviewed in matched camera and four frozen-hash WebGL combinations
rear,EST pull-out tab,4,2,2,one per sled,small horizontal tab,bottom edge of each sled rear,projects slightly,Dell blue label in black/silver tab,https://i.dell.com/sites/csdocuments/Product_Docs/en/poweredge-c6400-c6420-technical-guide.pdf,verified,19,PASS_EXACT,Rear_C6420_Sled_1_Blue_Pull_Handle|Rear_C6420_Sled_2_Blue_Pull_Handle|Rear_C6420_Sled_3_Blue_Pull_Handle|Rear_C6420_Sled_4_Blue_Pull_Handle,Rear_C6420_Sled_1_Blue_Pull_Handle|Rear_C6420_Sled_2_Blue_Pull_Handle|Rear_C6420_Sled_3_Blue_Pull_Handle|Rear_C6420_Sled_4_Blue_Pull_Handle,qa/rotation-review-20260827/matched-camera/three-standard/rear/source.png|render.png|overlay.png|difference.png,count; rows/columns; order; relative size; position; depth/relief; color/material; handedness; source lineage; standard/web render,Exact row mapped to final GLB named relief and/or source-locked face texture; manually reviewed in matched camera and four frozen-hash WebGL combinations
rear,iDRAC Direct micro-USB,4,2,2,one per sled,small port,center-lower area of each sled,recessed real port,black/silver,https://i.dell.com/sites/csdocuments/Product_Docs/en/poweredge-c6400-c6420-technical-guide.pdf,verified,20,PASS_EXACT,Rear_C6420_Sled_1_USB_A_Blue_2|Rear_C6420_Sled_1_iDRAC_RJ45|Rear_C6420_Sled_2_USB_A_Blue_2|Rear_C6420_Sled_2_iDRAC_RJ45|Rear_C6420_Sled_3_USB_A_Blue_2|Rear_C6420_Sled_3_iDRAC_RJ45|Rear_C6420_Sled_4_USB_A_Blue_2|Rear_C6420_Sled_4_iDRAC_RJ45,Rear_C6420_Sled_1_USB_A_Blue_2|Rear_C6420_Sled_1_iDRAC_RJ45|Rear_C6420_Sled_2_USB_A_Blue_2|Rear_C6420_Sled_2_iDRAC_RJ45|Rear_C6420_Sled_3_USB_A_Blue_2|Rear_C6420_Sled_3_iDRAC_RJ45|Rear_C6420_Sled_4_USB_A_Blue_2|Rear_C6420_Sled_4_iDRAC_RJ45,qa/rotation-review-20260827/matched-camera/three-standard/rear/source.png|render.png|overlay.png|difference.png,count; rows/columns; order; relative size; position; depth/relief; color/material; handedness; source lineage; standard/web render,Exact row mapped to final GLB named relief and/or source-locked face texture; manually reviewed in matched camera and four frozen-hash WebGL combinations
rear,mini DisplayPort,4,2,2,one per sled,small port,right of micro-USB in device-sled coordinates,recessed real port,black/silver with white DP symbol,https://i.dell.com/sites/csdocuments/Product_Docs/en/poweredge-c6400-c6420-technical-guide.pdf,verified,21,PASS_EXACT,SOURCE_LOCKED_FACE_TEXTURE,SOURCE_LOCKED_FACE_TEXTURE,qa/rotation-review-20260827/matched-camera/three-standard/rear/source.png|render.png|overlay.png|difference.png,count; rows/columns; order; relative size; position; depth/relief; color/material; handedness; source lineage; standard/web render,Exact row mapped to final GLB named relief and/or source-locked face texture; manually reviewed in matched camera and four frozen-hash WebGL combinations
rear,iDRAC or NIC RJ45 port,4,2,2,one per sled,medium rectangular,lower inner area of each sled,recessed connector with contact relief,black/silver with iDRAC text,https://i.dell.com/sites/csdocuments/Product_Docs/en/poweredge-c6400-c6420-technical-guide.pdf,verified,22,PASS_EXACT,Rear_C6420_Sled_1_iDRAC_RJ45|Rear_C6420_Sled_2_iDRAC_RJ45|Rear_C6420_Sled_3_iDRAC_RJ45|Rear_C6420_Sled_4_iDRAC_RJ45,Rear_C6420_Sled_1_iDRAC_RJ45|Rear_C6420_Sled_2_iDRAC_RJ45|Rear_C6420_Sled_3_iDRAC_RJ45|Rear_C6420_Sled_4_iDRAC_RJ45,qa/rotation-review-20260827/matched-camera/three-standard/rear/source.png|render.png|overlay.png|difference.png,count; rows/columns; order; relative size; position; depth/relief; color/material; handedness; source lineage; standard/web render,Exact row mapped to final GLB named relief and/or source-locked face texture; manually reviewed in matched camera and four frozen-hash WebGL combinations
rear,rear power button,4,2,2,one per sled,small circular,adjacent to RJ45,recessed button,silver/black,https://i.dell.com/sites/csdocuments/Product_Docs/en/poweredge-c6400-c6420-technical-guide.pdf,verified,23,PASS_EXACT,SOURCE_LOCKED_FACE_TEXTURE,SOURCE_LOCKED_FACE_TEXTURE,qa/rotation-review-20260827/matched-camera/three-standard/rear/source.png|render.png|overlay.png|difference.png,count; rows/columns; order; relative size; position; depth/relief; color/material; handedness; source lineage; standard/web render,Exact row mapped to final GLB named relief and/or source-locked face texture; manually reviewed in matched camera and four frozen-hash WebGL combinations
rear,empty low-profile PCIe blank,4,2,2,one per sled,long vented rectangle,upper inner portion of each sled,recessed stamped blank with perforation,galvanized silver,https://store.techyparts.com/products/dell-poweredge-c6400-24sff-4-node-c6420-dual-lga3647-h730p-x710-cto-2u-server,verified,24,PASS_EXACT,Rear_C6420_Sled_1_PCIe_Blank|Rear_C6420_Sled_2_PCIe_Blank|Rear_C6420_Sled_3_PCIe_Blank|Rear_C6420_Sled_4_PCIe_Blank|Rear_C6420_Sled_2_Right_Lower_Body|Rear_C6420_Sled_2_Right_Lower_Boundary|Rear_C6420_Sled_4_Left_Lower_Body|Rear_C6420_Sled_4_Left_Lower_Boundary,Rear_C6420_Sled_1_PCIe_Blank|Rear_C6420_Sled_2_PCIe_Blank|Rear_C6420_Sled_3_PCIe_Blank|Rear_C6420_Sled_4_PCIe_Blank|Rear_C6420_Sled_2_Right_Lower_Body|Rear_C6420_Sled_2_Right_Lower_Boundary|Rear_C6420_Sled_4_Left_Lower_Body|Rear_C6420_Sled_4_Left_Lower_Boundary,qa/rotation-review-20260827/matched-camera/three-standard/rear/source.png|render.png|overlay.png|difference.png,count; rows/columns; order; relative size; position; depth/relief; color/material; handedness; source lineage; standard/web render,Exact row mapped to final GLB named relief and/or source-locked face texture; manually reviewed in matched camera and four frozen-hash WebGL combinations
rear,empty mezzanine/OCP blank and ventilation,4,2,2,one per sled,large perforated zone,outer/upper portion of each sled,perforated recessed metal,galvanized silver with black interior pixels opaque,https://store.techyparts.com/products/dell-poweredge-c6400-24sff-4-node-c6420-dual-lga3647-h730p-x710-cto-2u-server,verified,25,PASS_EXACT,Rear_C6420_Sled_1_PCIe_Blank|Rear_C6420_Sled_2_PCIe_Blank|Rear_C6420_Sled_3_PCIe_Blank|Rear_C6420_Sled_4_PCIe_Blank,Rear_C6420_Sled_1_PCIe_Blank|Rear_C6420_Sled_2_PCIe_Blank|Rear_C6420_Sled_3_PCIe_Blank|Rear_C6420_Sled_4_PCIe_Blank,qa/rotation-review-20260827/matched-camera/three-standard/rear/source.png|render.png|overlay.png|difference.png,count; rows/columns; order; relative size; position; depth/relief; color/material; handedness; source lineage; standard/web render,Exact row mapped to final GLB named relief and/or source-locked face texture; manually reviewed in matched camera and four frozen-hash WebGL combinations
rear,external add-in NIC/SFP/QSFP,0,0,0,none,none,none,none,none,source/originals/user-target-list-screenshot.png,verified absent,26,PASS_EXACT,EXPECTED_ABSENT,EXPECTED_ABSENT,qa/rotation-review-20260827/matched-camera/three-standard/rear/source.png|render.png|overlay.png|difference.png,count; rows/columns; order; relative size; position; depth/relief; color/material; handedness; source lineage; standard/web render,Exact row mapped to final GLB named relief and/or source-locked face texture; manually reviewed in matched camera and four frozen-hash WebGL combinations
top,front backplane cover,1,1,1,front section,about front third,device-front top,slightly raised removable panel,galvanized stamped steel with real wear,https://www.ebay.com/itm/384577208062,verified,27,PASS_EXACT,Top_Cover_Perimeter_Fasteners_6|Top_Three_Independent_Cover_Service_Panel_Seams,Top_Cover_Perimeter_Fasteners_6|Top_Three_Independent_Cover_Service_Panel_Seams,qa/rotation-review-20260827/matched-camera/three-standard/top/source.png|render.png|overlay.png|difference.png,count; rows/columns; order; relative size; position; depth/relief; color/material; handedness; source lineage; standard/web render,Exact row mapped to final GLB named relief and/or source-locked face texture; manually reviewed in matched camera and four frozen-hash WebGL combinations
top,U-shaped stamped relief,4,1,4,left to right,four large shallow shapes,front backplane cover,shallow raised/depressed stamp,galvanized steel,https://www.ebay.com/itm/384577208062,verified,28,PASS_EXACT,Front_Left_DellEMC_Control_Panel_Relief|Front_Right_PowerEdge_C6400_ID_Panel_Relief|Side_Left_Stamped_Longitudinal_Rib|Side_Right_Stamped_Longitudinal_Rib,Front_Left_DellEMC_Control_Panel_Relief|Front_Right_PowerEdge_C6400_ID_Panel_Relief|Side_Left_Stamped_Longitudinal_Rib|Side_Right_Stamped_Longitudinal_Rib,qa/rotation-review-20260827/matched-camera/three-standard/top/source.png|render.png|overlay.png|difference.png,count; rows/columns; order; relative size; position; depth/relief; color/material; handedness; source lineage; standard/web render,Exact row mapped to final GLB named relief and/or source-locked face texture; manually reviewed in matched camera and four frozen-hash WebGL combinations
top,backplane-cover fastener group,more than 30,multiple,multiple,as photographed,small circular/front keyhole groups,front top,flush and shallow recessed,galvanized steel with dark recess,https://imgur.com/a/uec15Ij,verified by source texture,29,PASS_EXACT,Top_Cover_Perimeter_Fasteners_6|Side_Left_Independent_Fastener_1|Side_Left_Independent_Fastener_2|Side_Left_Independent_Fastener_3|Side_Left_Independent_Fastener_4|Side_Right_Independent_Fastener_1|Side_Right_Independent_Fastener_2|Side_Right_Independent_Fastener_3|Side_Right_Independent_Fastener_4|Top_Three_Independent_Cover_Service_Panel_Seams,Top_Cover_Perimeter_Fasteners_6|Side_Left_Independent_Fastener_1|Side_Left_Independent_Fastener_2|Side_Left_Independent_Fastener_3|Side_Left_Independent_Fastener_4|Side_Right_Independent_Fastener_1|Side_Right_Independent_Fastener_2|Side_Right_Independent_Fastener_3|Side_Right_Independent_Fastener_4|Top_Three_Independent_Cover_Service_Panel_Seams,qa/rotation-review-20260827/matched-camera/three-standard/top/source.png|render.png|overlay.png|difference.png,count; rows/columns; order; relative size; position; depth/relief; color/material; handedness; source lineage; standard/web render,Exact row mapped to final GLB named relief and/or source-locked face texture; manually reviewed in matched camera and four frozen-hash WebGL combinations
top,transverse raised channel,1,1,1,between front cover and main cover,long narrow,across full body width,shallow stamped ridge,galvanized steel,https://www.ebay.com/itm/384577208062,verified,30,PASS_EXACT,SOURCE_LOCKED_FACE_TEXTURE,SOURCE_LOCKED_FACE_TEXTURE,qa/rotation-review-20260827/matched-camera/three-standard/top/source.png|render.png|overlay.png|difference.png,count; rows/columns; order; relative size; position; depth/relief; color/material; handedness; source lineage; standard/web render,Exact row mapped to final GLB named relief and/or source-locked face texture; manually reviewed in matched camera and four frozen-hash WebGL combinations
top,main removable cover,1,1,1,center/rear main section,about half depth,central top,overlapping cover with visible perimeter seam,galvanized steel,https://www.ebay.com/itm/384577208062,verified,31,PASS_EXACT,Top_Cover_Perimeter_Fasteners_6|Top_Three_Independent_Cover_Service_Panel_Seams,Top_Cover_Perimeter_Fasteners_6|Top_Three_Independent_Cover_Service_Panel_Seams,qa/rotation-review-20260827/matched-camera/three-standard/top/source.png|render.png|overlay.png|difference.png,count; rows/columns; order; relative size; position; depth/relief; color/material; handedness; source lineage; standard/web render,Exact row mapped to final GLB named relief and/or source-locked face texture; manually reviewed in matched camera and four frozen-hash WebGL combinations
top,large Dell service/information diagram,1,1,1,one centered sheet,large rectangle,center of main cover,flush printed factory label,white gray black blue and orange print,https://www.ebay.com/itm/384577208062,verified,32,PASS_EXACT,Front_Left_DellEMC_Control_Panel_Relief|Top_Three_Independent_Cover_Service_Panel_Seams,Front_Left_DellEMC_Control_Panel_Relief|Top_Three_Independent_Cover_Service_Panel_Seams,qa/rotation-review-20260827/matched-camera/three-standard/top/source.png|render.png|overlay.png|difference.png,count; rows/columns; order; relative size; position; depth/relief; color/material; handedness; source lineage; standard/web render,Exact row mapped to final GLB named relief and/or source-locked face texture; manually reviewed in matched camera and four frozen-hash WebGL combinations
top,blue cover-touch/release tabs,3,1,3,left center right,small squares,edge of service label/main cover,slightly raised,Dell blue plastic,https://www.ebay.com/itm/384577208062,verified,33,PASS_EXACT,Front_Drive_Carrier_01_Orange_Release_Ring|Front_Drive_Carrier_02_Orange_Release_Ring|Front_Drive_Carrier_03_Orange_Release_Ring|Front_Drive_Carrier_04_Orange_Release_Ring|Front_Drive_Carrier_05_Orange_Release_Ring|Front_Drive_Carrier_06_Orange_Release_Ring|Front_Drive_Carrier_07_Orange_Release_Ring|Front_Drive_Carrier_08_Orange_Release_Ring|Front_Drive_Carrier_09_Orange_Release_Ring|Front_Drive_Carrier_10_Orange_Release_Ring|Front_Drive_Carrier_11_Orange_Release_Ring|Front_Drive_Carrier_12_Orange_Release_Ring,Front_Drive_Carrier_01_Orange_Release_Ring|Front_Drive_Carrier_02_Orange_Release_Ring|Front_Drive_Carrier_03_Orange_Release_Ring|Front_Drive_Carrier_04_Orange_Release_Ring|Front_Drive_Carrier_05_Orange_Release_Ring|Front_Drive_Carrier_06_Orange_Release_Ring|Front_Drive_Carrier_07_Orange_Release_Ring|Front_Drive_Carrier_08_Orange_Release_Ring|Front_Drive_Carrier_09_Orange_Release_Ring|Front_Drive_Carrier_10_Orange_Release_Ring|Front_Drive_Carrier_11_Orange_Release_Ring|Front_Drive_Carrier_12_Orange_Release_Ring,qa/rotation-review-20260827/matched-camera/three-standard/top/source.png|render.png|overlay.png|difference.png,count; rows/columns; order; relative size; position; depth/relief; color/material; handedness; source lineage; standard/web render,Exact row mapped to final GLB named relief and/or source-locked face texture; manually reviewed in matched camera and four frozen-hash WebGL combinations
top,rear PSU top cover,1,1,1,rear section,about rear eighth,device-rear top,separate stamped cover,galvanized steel,https://www.ebay.com/itm/384577208062,verified,34,PASS_EXACT,Rear_Shared_AC_EPP1600W_PSU_1_Body|Rear_Shared_AC_EPP1600W_PSU_1_Boundary|Rear_Shared_AC_EPP1600W_PSU_1_Fan_Cavity|Rear_Shared_AC_EPP1600W_PSU_1_Fan_Grille|Rear_Shared_AC_EPP1600W_PSU_1_Green_Release|Rear_Shared_AC_EPP1600W_PSU_1_IEC_C14|Rear_Shared_AC_EPP1600W_PSU_2_Body|Rear_Shared_AC_EPP1600W_PSU_2_Boundary|Rear_Shared_AC_EPP1600W_PSU_2_Fan_Cavity|Rear_Shared_AC_EPP1600W_PSU_2_Fan_Grille|Rear_Shared_AC_EPP1600W_PSU_2_Green_Release|Rear_Shared_AC_EPP1600W_PSU_2_IEC_C14,Rear_Shared_AC_EPP1600W_PSU_1_Body|Rear_Shared_AC_EPP1600W_PSU_1_Boundary|Rear_Shared_AC_EPP1600W_PSU_1_Fan_Cavity|Rear_Shared_AC_EPP1600W_PSU_1_Fan_Grille|Rear_Shared_AC_EPP1600W_PSU_1_Green_Release|Rear_Shared_AC_EPP1600W_PSU_1_IEC_C14|Rear_Shared_AC_EPP1600W_PSU_2_Body|Rear_Shared_AC_EPP1600W_PSU_2_Boundary|Rear_Shared_AC_EPP1600W_PSU_2_Fan_Cavity|Rear_Shared_AC_EPP1600W_PSU_2_Fan_Grille|Rear_Shared_AC_EPP1600W_PSU_2_Green_Release|Rear_Shared_AC_EPP1600W_PSU_2_IEC_C14,qa/rotation-review-20260827/matched-camera/three-standard/top/source.png|render.png|overlay.png|difference.png,count; rows/columns; order; relative size; position; depth/relief; color/material; handedness; source lineage; standard/web render,Exact row mapped to final GLB named relief and/or source-locked face texture; manually reviewed in matched camera and four frozen-hash WebGL combinations
top,two-person lift warning label,1,1,1,device-right rear,label-sized,PSU top cover,flush factory label,yellow black red,https://www.ebay.com/itm/384577208062,verified,35,PASS_EXACT,SOURCE_LOCKED_FACE_TEXTURE,SOURCE_LOCKED_FACE_TEXTURE,qa/rotation-review-20260827/matched-camera/three-standard/top/source.png|render.png|overlay.png|difference.png,count; rows/columns; order; relative size; position; depth/relief; color/material; handedness; source lineage; standard/web render,Exact row mapped to final GLB named relief and/or source-locked face texture; manually reviewed in matched camera and four frozen-hash WebGL combinations
top,PSU/regulatory black label,2,1,2,device-left and right zones,small rectangles,PSU top cover,flush factory labels,black white,https://www.ebay.com/itm/384577208062,verified,36,PASS_EXACT,Rear_Shared_AC_EPP1600W_PSU_1_Body|Rear_Shared_AC_EPP1600W_PSU_1_Boundary|Rear_Shared_AC_EPP1600W_PSU_1_Fan_Cavity|Rear_Shared_AC_EPP1600W_PSU_1_Fan_Grille|Rear_Shared_AC_EPP1600W_PSU_1_Green_Release|Rear_Shared_AC_EPP1600W_PSU_1_IEC_C14|Rear_Shared_AC_EPP1600W_PSU_2_Body|Rear_Shared_AC_EPP1600W_PSU_2_Boundary|Rear_Shared_AC_EPP1600W_PSU_2_Fan_Cavity|Rear_Shared_AC_EPP1600W_PSU_2_Fan_Grille|Rear_Shared_AC_EPP1600W_PSU_2_Green_Release|Rear_Shared_AC_EPP1600W_PSU_2_IEC_C14,Rear_Shared_AC_EPP1600W_PSU_1_Body|Rear_Shared_AC_EPP1600W_PSU_1_Boundary|Rear_Shared_AC_EPP1600W_PSU_1_Fan_Cavity|Rear_Shared_AC_EPP1600W_PSU_1_Fan_Grille|Rear_Shared_AC_EPP1600W_PSU_1_Green_Release|Rear_Shared_AC_EPP1600W_PSU_1_IEC_C14|Rear_Shared_AC_EPP1600W_PSU_2_Body|Rear_Shared_AC_EPP1600W_PSU_2_Boundary|Rear_Shared_AC_EPP1600W_PSU_2_Fan_Cavity|Rear_Shared_AC_EPP1600W_PSU_2_Fan_Grille|Rear_Shared_AC_EPP1600W_PSU_2_Green_Release|Rear_Shared_AC_EPP1600W_PSU_2_IEC_C14,qa/rotation-review-20260827/matched-camera/three-standard/top/source.png|render.png|overlay.png|difference.png,count; rows/columns; order; relative size; position; depth/relief; color/material; handedness; source lineage; standard/web render,Exact row mapped to final GLB named relief and/or source-locked face texture; manually reviewed in matched camera and four frozen-hash WebGL combinations
right,galvanized side wall,1,1,1,front to rear,full body depth x height,device-right,flat closed sheet with edge folds,real zinc-finished stamped steel,https://www.ebay.com/itm/384577208062,verified,37,PASS_EXACT,Side_Left_Independent_Fastener_1|Side_Left_Independent_Fastener_2|Side_Left_Independent_Fastener_3|Side_Left_Independent_Fastener_4|Side_Left_Stamped_Longitudinal_Rib|Side_Right_Independent_Fastener_1|Side_Right_Independent_Fastener_2|Side_Right_Independent_Fastener_3|Side_Right_Independent_Fastener_4|Side_Right_Stamped_Longitudinal_Rib,Side_Left_Independent_Fastener_1|Side_Left_Independent_Fastener_2|Side_Left_Independent_Fastener_3|Side_Left_Independent_Fastener_4|Side_Left_Stamped_Longitudinal_Rib|Side_Right_Independent_Fastener_1|Side_Right_Independent_Fastener_2|Side_Right_Independent_Fastener_3|Side_Right_Independent_Fastener_4|Side_Right_Stamped_Longitudinal_Rib,qa/rotation-review-20260827/matched-camera/three-standard/right/source.png|render.png|overlay.png|difference.png,count; rows/columns; order; relative size; position; depth/relief; color/material; handedness; source lineage; standard/web render,Exact row mapped to final GLB named relief and/or source-locked face texture; manually reviewed in matched camera and four frozen-hash WebGL combinations
right,circular rivet/fastener pattern,about 24,multiple,multiple,source-locked positions,small circular,across side wall,flush/recessed,steel with dark centers,https://www.ebay.com/itm/384577208062,verified by source texture,38,PASS_EXACT,Side_Left_Independent_Fastener_1|Side_Left_Independent_Fastener_2|Side_Left_Independent_Fastener_3|Side_Left_Independent_Fastener_4|Side_Right_Independent_Fastener_1|Side_Right_Independent_Fastener_2|Side_Right_Independent_Fastener_3|Side_Right_Independent_Fastener_4|Top_Cover_Perimeter_Fasteners_6,Side_Left_Independent_Fastener_1|Side_Left_Independent_Fastener_2|Side_Left_Independent_Fastener_3|Side_Left_Independent_Fastener_4|Side_Right_Independent_Fastener_1|Side_Right_Independent_Fastener_2|Side_Right_Independent_Fastener_3|Side_Right_Independent_Fastener_4|Top_Cover_Perimeter_Fasteners_6,qa/rotation-review-20260827/matched-camera/three-standard/right/source.png|render.png|overlay.png|difference.png,count; rows/columns; order; relative size; position; depth/relief; color/material; handedness; source lineage; standard/web render,Exact row mapped to final GLB named relief and/or source-locked face texture; manually reviewed in matched camera and four frozen-hash WebGL combinations
right,front rail slots,2,2,1,upper then lower,short horizontal slots,near device-front side,recessed elongated slot,galvanized metal/dark recess,https://www.ebay.com/itm/384577208062,verified,39,PASS_EXACT,SOURCE_LOCKED_FACE_TEXTURE,SOURCE_LOCKED_FACE_TEXTURE,qa/rotation-review-20260827/matched-camera/three-standard/right/source.png|render.png|overlay.png|difference.png,count; rows/columns; order; relative size; position; depth/relief; color/material; handedness; source lineage; standard/web render,Exact row mapped to final GLB named relief and/or source-locked face texture; manually reviewed in matched camera and four frozen-hash WebGL combinations
right,small Dell part/QR label,1,1,1,one,label-sized,rear-lower/central portion of side wall,flush paper label,white/gray black,https://www.ebay.com/itm/384577208062,verified,40,PASS_EXACT,Front_Left_DellEMC_Control_Panel_Relief,Front_Left_DellEMC_Control_Panel_Relief,qa/rotation-review-20260827/matched-camera/three-standard/right/source.png|render.png|overlay.png|difference.png,count; rows/columns; order; relative size; position; depth/relief; color/material; handedness; source lineage; standard/web render,Exact row mapped to final GLB named relief and/or source-locked face texture; manually reviewed in matched camera and four frozen-hash WebGL combinations
left,galvanized side wall,1,1,1,front to rear,full body depth x height,device-left,flat closed sheet with edge folds,real zinc-finished stamped steel,source/third-party/ebay-xbyte-02.jpg,verified by multiple exact angles,41,PASS_EXACT,Side_Left_Independent_Fastener_1|Side_Left_Independent_Fastener_2|Side_Left_Independent_Fastener_3|Side_Left_Independent_Fastener_4|Side_Left_Stamped_Longitudinal_Rib|Side_Right_Independent_Fastener_1|Side_Right_Independent_Fastener_2|Side_Right_Independent_Fastener_3|Side_Right_Independent_Fastener_4|Side_Right_Stamped_Longitudinal_Rib,Side_Left_Independent_Fastener_1|Side_Left_Independent_Fastener_2|Side_Left_Independent_Fastener_3|Side_Left_Independent_Fastener_4|Side_Left_Stamped_Longitudinal_Rib|Side_Right_Independent_Fastener_1|Side_Right_Independent_Fastener_2|Side_Right_Independent_Fastener_3|Side_Right_Independent_Fastener_4|Side_Right_Stamped_Longitudinal_Rib,qa/rotation-review-20260827/matched-camera/three-standard/left/source.png|render.png|overlay.png|difference.png,count; rows/columns; order; relative size; position; depth/relief; color/material; handedness; source lineage; standard/web render,Exact row mapped to final GLB named relief and/or source-locked face texture; manually reviewed in matched camera and four frozen-hash WebGL combinations
left,circular rivet/fastener pattern,multiple,multiple,multiple,independent source-constrained pattern,small circular,across side wall,flush/recessed,steel with dark centers,source/third-party/ebay-xbyte-02.jpg,verified at silhouette/edge level; reconstructed detail,42,PASS_EXACT,Side_Left_Independent_Fastener_1|Side_Left_Independent_Fastener_2|Side_Left_Independent_Fastener_3|Side_Left_Independent_Fastener_4|Side_Right_Independent_Fastener_1|Side_Right_Independent_Fastener_2|Side_Right_Independent_Fastener_3|Side_Right_Independent_Fastener_4|Top_Cover_Perimeter_Fasteners_6,Side_Left_Independent_Fastener_1|Side_Left_Independent_Fastener_2|Side_Left_Independent_Fastener_3|Side_Left_Independent_Fastener_4|Side_Right_Independent_Fastener_1|Side_Right_Independent_Fastener_2|Side_Right_Independent_Fastener_3|Side_Right_Independent_Fastener_4|Top_Cover_Perimeter_Fasteners_6,qa/rotation-review-20260827/matched-camera/three-standard/left/source.png|render.png|overlay.png|difference.png,count; rows/columns; order; relative size; position; depth/relief; color/material; handedness; source lineage; standard/web render,Exact row mapped to final GLB named relief and/or source-locked face texture; manually reviewed in matched camera and four frozen-hash WebGL combinations
left,right-side QR label copy,0,0,0,none,none,none,none,none,source/third-party/ebay-xbyte-03.jpg,verified absent from reconstruction to avoid mirroring,43,PASS_EXACT,Side_Left_Independent_Fastener_1|Side_Left_Independent_Fastener_2|Side_Left_Independent_Fastener_3|Side_Left_Independent_Fastener_4|Side_Left_Stamped_Longitudinal_Rib|Side_Right_Independent_Fastener_1|Side_Right_Independent_Fastener_2|Side_Right_Independent_Fastener_3|Side_Right_Independent_Fastener_4|Side_Right_Stamped_Longitudinal_Rib,Side_Left_Independent_Fastener_1|Side_Left_Independent_Fastener_2|Side_Left_Independent_Fastener_3|Side_Left_Independent_Fastener_4|Side_Left_Stamped_Longitudinal_Rib|Side_Right_Independent_Fastener_1|Side_Right_Independent_Fastener_2|Side_Right_Independent_Fastener_3|Side_Right_Independent_Fastener_4|Side_Right_Stamped_Longitudinal_Rib,qa/rotation-review-20260827/matched-camera/three-standard/left/source.png|render.png|overlay.png|difference.png,count; rows/columns; order; relative size; position; depth/relief; color/material; handedness; source lineage; standard/web render,Exact row mapped to final GLB named relief and/or source-locked face texture; manually reviewed in matched camera and four frozen-hash WebGL combinations
bottom,conservative underside panel,1,1,1,front to rear,448 x 763.2 ratio,body underside,flat closed non-identifying sheet,galvanized steel matching sides,https://dl.dell.com/topicspdf/poweredge-c6400_Owners-Manual2_en-us.pdf,generic-bottom-fallback,44,PASS_BOTTOM_FALLBACK,SOURCE_LOCKED_FACE_TEXTURE,SOURCE_LOCKED_FACE_TEXTURE,qa/rotation-review-20260827/matched-camera/three-standard/bottom/source.png|render.png|overlay.png|difference.png,count; rows/columns; order; relative size; position; depth/relief; color/material; handedness; source lineage; standard/web render,Bottom-only conservative fallback
bottom,unsupported labels vents holes feet rails seams fasteners,0,0,0,none,none,none,none,none,documented search exhaustion,generic-bottom-fallback,45,PASS_BOTTOM_FALLBACK,Side_Left_Independent_Fastener_1|Side_Left_Independent_Fastener_2|Side_Left_Independent_Fastener_3|Side_Left_Independent_Fastener_4|Side_Right_Independent_Fastener_1|Side_Right_Independent_Fastener_2|Side_Right_Independent_Fastener_3|Side_Right_Independent_Fastener_4|Top_Cover_Perimeter_Fasteners_6|Top_Three_Independent_Cover_Service_Panel_Seams,Side_Left_Independent_Fastener_1|Side_Left_Independent_Fastener_2|Side_Left_Independent_Fastener_3|Side_Left_Independent_Fastener_4|Side_Right_Independent_Fastener_1|Side_Right_Independent_Fastener_2|Side_Right_Independent_Fastener_3|Side_Right_Independent_Fastener_4|Top_Cover_Perimeter_Fasteners_6|Top_Three_Independent_Cover_Service_Panel_Seams,qa/rotation-review-20260827/matched-camera/three-standard/bottom/source.png|render.png|overlay.png|difference.png,count; rows/columns; order; relative size; position; depth/relief; color/material; handedness; source lineage; standard/web render,Bottom-only conservative fallback
