path,visual_origin,claimed_model_or_subject,face_or_angle,exact_configuration,inspection_notes,intended_role,status
source/originals/user-request-table.png,user-provided-screenshot,device catalog,multiple rows,"row 9 Huawei RH1288V5/2.5-inch","Original 1042x1636 screenshot inspected at original detail; row 9 is 10SFF 2x5 and three-slot rear thumbnail; adjacent 3.5/V3 rows excluded",request identity,ACCEPTED
qa/reference/user-row-09.png,derived-crop,user row 9,front and rear thumbnail,"10SFF; empty optional LOM/FlexIO; dual AC","Cropped without resampling; confirms five-by-two front and three separate rear slot covers",configuration lock,ACCEPTED
qa/reference/user-row-09-rear-4x.png,derived-nearest-neighbor,user row 9,rear elevation thumbnail,"empty optional LOM1/2; empty FlexIO; dual AC","Nearest-neighbor enlargement inspected; no ports exist before VGA; four fixed RJ45 then stacked USB; three upper blanks",rear identity binding,ACCEPTED
source/pdf-pages/quick-start-p001.png,official-technical-document,Huawei 1288H V5,front/rear elevations and dimensions,family options,"Inspected at original detail; names 10 disk bays; rear labels slots 1/2/3 and optional flexible NIC; gives 43x436x708 2.5-inch depth",configuration/dimensions,ACCEPTED
source/pdf-pages/quick-start-p002.png,official-technical-document,Huawei 1288H V5,top/front installation angle,family,"Inspected at original detail; proves closed cover and front-only mounting action; not a color source",geometry support,ACCEPTED
source/pdf-pages/user-guide-p010.png,official-technical-document,Huawei 1288H V5 8SFF example,top-front and exploded view,8SFF not target,"Inspected; exact 1288H V5 2.5-inch chassis/top family but 8SFF front rejected",top/chassis support,ACCEPTED_SUPPORT_ONLY
source/pdf-pages/user-guide-p011.png,official-technical-document,Huawei 1288H V5,logical/internal,not exterior configuration,"Inspected; labels FlexIO and riser modules; no exterior color proof",assembly support,ACCEPTED_SUPPORT_ONLY
source/pdf-pages/user-guide-p012.png,official-technical-document,Huawei 1288H V5,logical text,not exterior configuration,"Inspected; documents optional LOM and BMC/management functions; blank page otherwise",text support,ACCEPTED_SUPPORT_ONLY
source/pdf-pages/user-guide-p013.png,official-technical-document,Huawei 1288H V5,4LFF front,4LFF rejected,"Inspected; 4LFF figure is incompatible and retained as exclusion evidence",variant contrast,REJECTED_FOR_MODEL
source/pdf-pages/user-guide-p014.png,official-technical-document,Huawei 1288H V5,8SFF and 10SFF front elevations,10SFF Figure 2-3 target,"Inspected at original detail; 10SFF is five columns by two rows with narrow right control area; 8SFF Figure 2-2 rejected",front geometry binding,ACCEPTED
source/pdf-pages/user-guide-p015.png,official-technical-document,Huawei 1288H V5,front controls,10SFF lower figure,"Inspected; identifies five 10SFF indicators/buttons and control positions",front feature binding,ACCEPTED
source/pdf-pages/user-guide-p016.png,official-technical-document,Huawei 1288H V5,indicator descriptions,family,"Inspected; no additional exterior geometry",text support,ACCEPTED_SUPPORT_ONLY
source/pdf-pages/user-guide-p017.png,official-technical-document,Huawei 1288H V5,indicator descriptions,family,"Inspected; confirms factory symbol meanings; no added lights invented",text support,ACCEPTED_SUPPORT_ONLY
source/pdf-pages/user-guide-p018.png,official-technical-document,Huawei 1288H V5,front ports,4LFF/8SFF,"Inspected; target front appears only on next page; 4LFF/8SFF images rejected",variant contrast,REJECTED_FOR_MODEL
source/pdf-pages/user-guide-p019.png,official-technical-document,Huawei 1288H V5,10SFF front elevation,10SFF,"Inspected; target has only one USB 3.0 and no VGA/DVD",front port binding,ACCEPTED
source/pdf-pages/user-guide-p020.png,official-technical-document,Huawei 1288H V5,rear elevation,three-slot family,"Inspected; Figure 2-10 identifies PCIe slots 1/2/3; optional FlexIO; two PSU positions; optional LOM inset",rear geometry binding,ACCEPTED
source/pdf-pages/user-guide-p021.png,official-technical-document,Huawei 1288H V5,rear indicator text,family,"Inspected; confirms PSU/management indicator roles; no new geometry",text support,ACCEPTED_SUPPORT_ONLY
source/pdf-pages/user-guide-p022.png,official-technical-document,Huawei 1288H V5,rear port elevation,family with optional LOM variants,"Inspected; fixed order VGA GE3 GE4 Mgmt serial two USB; optional LOM1/2 inset; PSU sockets",rear port binding,ACCEPTED
source/pdf-pages/user-guide-p023.png,official-technical-document,Huawei 1288H V5,rear port table,family,"Inspected; documents optional optical/electrical LOM choices and fixed ports",rear text binding,ACCEPTED
source/pdf-pages/user-guide-p024.png,official-technical-document,Huawei 1288H V5,rear port table,family,"Inspected; confirms one management port; two USB 3.0; two PSU sockets",rear text binding,ACCEPTED
source/pdf-pages/user-guide-p025.png,official-technical-document,Huawei 1288H V5,LOM text,family,"Inspected; no additional exterior geometry",text support,ACCEPTED_SUPPORT_ONLY
source/pdf-pages/user-guide-p054.png,official-technical-document,Huawei 1288H V5,environmental table,not appearance,"Inspected; no exterior facts used",not used,ACCEPTED_SUPPORT_ONLY
source/pdf-pages/user-guide-p055.png,official-technical-document,Huawei 1288H V5,dimension table,2.5-inch target,"Inspected; locks 43x436x708 mm and rejects 748 mm 3.5-inch depth",dimension binding,ACCEPTED
source/pdf-pages/user-guide-p056.png,official-technical-document,Huawei 1288H V5,rack/weight table,10SFF family,"Inspected; 482.6 mm is cabinet width constraint; not substituted for 436 mm chassis body",rack constraint,ACCEPTED
source/third-party/serverflow/10sff.webp,real-photograph,Huawei 1288H V5 10SFF,front-top,"exact 10SFF; ten closed faces; one specimen capacity sticker; no bezel","3000x2252 real specimen; primary front style/material; watermark and unit labels must be removed; logo/model text readable",front primary binding,ACCEPTED
source/third-party/serverflow/10sff-photo.webp,real-photograph,Huawei 1288H V5 10SFF,rear-top,"three-slot chassis; installed optional 2x10GE electrical LOM; FlexIO blank; dual 900W specimen AC","Real material/PSU/top source; optional LOM and wattage labels conflict with requested state and must not be copied",rear material/top support,ACCEPTED_SUPPORT_ONLY
source/third-party/serverflow/10sff-01.webp,real-photograph,Huawei 1288H V5 10SFF,rear-top with PSU removed,"one PSU removed and placed in front","Inspected; proves PSU body/handle/label form only; installed state rejected",PSU geometry support,ACCEPTED_SUPPORT_ONLY
source/third-party/serverflow/10sff-02.webp,real-photograph,Huawei 1288H V5 10SFF,front-top,"exact closed 10SFF","Inspected; second exact closed angle; strong top cover/latch/vent and front proportions",top primary/front support,ACCEPTED
source/third-party/serverflow/10sff-03.webp,real-photograph,Huawei 1288H V5 10SFF,open top front,"cover removed; internal components exposed","Inspected; validates seven fans/front backplane/side wall inside only; not an exterior face source",geometry support,ACCEPTED_SUPPORT_ONLY
source/third-party/serverflow/10sff-04.webp,real-photograph,Huawei 1288H V5 10SFF,open top orthogonal,"cover removed","Inspected; 708 mm chassis and independent side folds visible; no exterior texture use",side geometry support,ACCEPTED_SUPPORT_ONLY
source/third-party/serverflow/10sff-05.webp,real-photograph,Huawei 1288H V5 10SFF,internal close-up,"cover removed","Inspected; CPU/fan material only; not externally visible",not used,ACCEPTED_SUPPORT_ONLY
source/third-party/serverflow/10sff-06.webp,real-photograph,Huawei 1288H V5 10SFF,internal close-up,"cover removed","Inspected; fan row/front fixed strip relationships only",geometry support,ACCEPTED_SUPPORT_ONLY
source/third-party/serverflow/10sff-07.webp,real-photograph,Huawei 1288H V5 10SFF,internal close-up,"cover removed","Inspected; labels and internal surfaces not exposed in final",not used,ACCEPTED_SUPPORT_ONLY
source/third-party/serverflow/10sff-08.webp,real-photograph,Huawei 1288H V5 10SFF,mainboard close-up,"cover removed","Inspected; no exterior role",not used,ACCEPTED_SUPPORT_ONLY
source/third-party/serverflow/10sff-09.webp,real-photograph,Huawei 1288H V5 10SFF,PSU cage/internal close-up,"cover removed","Inspected; PSU cage relationship support only",geometry support,ACCEPTED_SUPPORT_ONLY
source/third-party/serverflow/10sff-10.webp,real-photograph,Huawei 1288H V5 10SFF,mainboard close-up,"cover removed","Inspected; no exterior role",not used,ACCEPTED_SUPPORT_ONLY
source/third-party/serverflow/10sff-11.webp,real-photograph,Huawei 1288H V5 10SFF,riser/internal close-up,"cover removed","Inspected; three-slot riser mechanism support only",rear geometry support,ACCEPTED_SUPPORT_ONLY
source/third-party/serverflow/10sff-12.webp,real-photograph,Huawei 1288H V5 10SFF,riser card isolated,"removed component","Inspected; no final exterior use",not used,ACCEPTED_SUPPORT_ONLY
source/third-party/serverflow/10sff-13.webp,real-photograph,Huawei 1288H V5 10SFF,riser card close-up,"removed component","Inspected; no final exterior use",not used,ACCEPTED_SUPPORT_ONLY
source/third-party/compuway/front.jpg,marketing-photo,Huawei 1288H V5,front-top,8SFF,"Inspected; three upper plus five lower bays; DVD/VGA/two-USB region; incompatible",variant contrast,REJECTED_FOR_MODEL
source/third-party/compuway/front-10sff.png,technical-render,Huawei 1288H V5,front elevation,10SFF,"Inspected; slots 0-9 confirm five-by-two order; low-resolution but exact layout",front geometry support,ACCEPTED
source/third-party/compuway/rear.jpg,technical-render,Huawei 1288H V5,rear elevation,"three-slot; optional LOM installed; FlexIO blank; dual AC","Inspected; shared rear geometry/material; optional LOM rejected for requested state",rear support,ACCEPTED_SUPPORT_ONLY
source/third-party/mydraw/mydraw-rear-3io.png,technical-render,Huawei 1288H V5,rear elevation,"three separate upper slot covers; empty optional lower areas; dual AC","Inspected at original and nearest-neighbor enlargement; matches requested silhouette",rear configuration binding,ACCEPTED
source/third-party/mydraw/mydraw-rear-2io.png,technical-render,Huawei 1288H V5,rear elevation,2-I/O contrast,"Inspected; different upper slot-cover structure; incompatible with requested thumbnail",variant contrast,REJECTED_FOR_MODEL
source/third-party/uonel/02312DFL-H12H-05-S10AFF-10SFF.jpg,marketing-photo,Huawei 1288H V5 H12H-05-S10AFF,front-left,10SFF,"Inspected; independent exact 10SFF two-by-five facade and Huawei/model ears; low resolution/strong perspective",front cross-check,ACCEPTED_SUPPORT_ONLY
source/originals/official-gallery/1288H-V5_01.png,official-render,Huawei 1288H V5,front elevation,8SFF,"Inspected; transparent black canvas; 8SFF/DVD/VGA front incompatible",branding/material contrast,REJECTED_FOR_FRONT
source/originals/official-gallery/1288H-V5_02.png,official-render,Huawei 1288H V5,front-left,8SFF shared 708mm chassis,"Inspected; proves physical-left side fastener/slot pattern and front ear; front rejected",left geometry support,ACCEPTED_SUPPORT_ONLY
source/originals/official-gallery/1288H-V5_03.png,official-render,Huawei 1288H V5,front-right,8SFF shared 708mm chassis,"Inspected; proves distinct physical-right side pattern and model ear; front rejected",right geometry support,ACCEPTED_SUPPORT_ONLY
source/originals/official-gallery/1288H-V5_04.png,official-render,Huawei 1288H V5,front-top,8SFF shared chassis,"Inspected; top cover/latch/vent/material corroboration; front rejected",top support,ACCEPTED_SUPPORT_ONLY
source/originals/official-gallery/1288H-V5_05.png,official-render,Huawei 1288H V5,rear elevation,"three-slot; installed optical LOM; FlexIO blank; dual AC","Inspected; high-resolution rear geometry and PSU source; optional optical LOM rejected",rear support,ACCEPTED_SUPPORT_ONLY
qa/reference/xfusion-viewer-default.png,official-render-screenshot,xFusion/Huawei 1288H V5,front-top,8SFF public viewer,"Inspected; interactive public model loads; default 8SFF incompatible; chassis/top shared",official-model availability proof,ACCEPTED_SUPPORT_ONLY
qa/reference/xfusion-viewer-side-a.png,official-render-screenshot,xFusion/Huawei 1288H V5,full side A,8SFF shared 708mm chassis,"Inspected; full-length side shell and fastener sequence visible; front variant ignored",left/right geometry support,ACCEPTED_SUPPORT_ONLY
qa/reference/xfusion-viewer-side-b.png,official-render-screenshot,xFusion/Huawei 1288H V5,full side B,8SFF shared 708mm chassis,"Inspected; opposite side is not mirrored and has different endpoint/fasteners; front ignored",left/right geometry support,ACCEPTED_SUPPORT_ONLY
qa/reference/xfusion-viewer-top.png,official-render-screenshot,xFusion/Huawei 1288H V5,high top angle,8SFF shared 708mm chassis,"Inspected; shared cover contours/latch/vent bands; exact 10SFF real photos outrank it",top support,ACCEPTED_SUPPORT_ONLY
qa/reference/xfusion-viewer-bottom.png,official-render-screenshot,xFusion/Huawei 1288H V5,underside angle,8SFF shared 708mm chassis,"Inspected; closest same-model underside lead; dark conservative plate; not exact 10SFF proof",bottom fallback primary,ACCEPTED_FALLBACK_ONLY
source/optional-3d/xfusion-1288hv5-viewer/res/model/1288_b.jpg,official-3d-atlas,xFusion/Huawei 1288H V5,UV atlas,8SFF viewer,"Inspected at original detail; includes shared top cover and internals; not a face texture and not copied",optional geometry/material reference,ACCEPTED_SUPPORT_ONLY
source/optional-3d/xfusion-1288hv5-viewer/res/model/1288h_a.jpg,official-3d-atlas,xFusion/Huawei 1288H V5,UV atlas,8SFF viewer,"Inspected; atlas exposes incompatible 8SFF front and installed optional rear ports; not copied",variant contrast,REJECTED_AS_MAIN
source/optional-3d/xfusion-1288hv5-viewer/res/model/1288h_v5_e.jpg,official-3d-atlas,xFusion/Huawei 1288H V5,UV atlas,shared chassis,"Inspected; side/rail/cover material fragments only; not copied",optional geometry/material reference,ACCEPTED_SUPPORT_ONLY
source/optional-3d/xfusion-1288hv5-viewer/res/model/1288_d.jpg,official-3d-atlas,xFusion/Huawei 1288H V5,UV atlas,internal,"Inspected; heatsink/DIMM material only; no exterior use",not used,ACCEPTED_SUPPORT_ONLY
source/optional-3d/xfusion-1288hv5-viewer/res/model/1288_c.jpg,official-3d-atlas,xFusion/Huawei 1288H V5,UV atlas,mainboard/rear ports,"Inspected; optional geometry reference only; not copied",optional support,ACCEPTED_SUPPORT_ONLY
source/optional-3d/xfusion-1288hv5-viewer/res/model/wk.jpg,official-3d-atlas,xFusion/Huawei 1288H V5,UV atlas,FlexIO/internal,"Inspected; no direct exterior use",not used,ACCEPTED_SUPPORT_ONLY
